Variable,Optimal value (x*)
p,0.33028233875
l2_day,0.3460723886
l2_night,0.18499025440000003
