Segment,Revenue contribution,Revenue share
4,262.8005663396857,0.20655603645246853
2,173.46568601108822,0.136340591125842
10,172.98469932863824,0.13596254512656178
6,135.3667133785693,0.10639555375589858
8,118.44469278970865,0.09309518096642683
7,105.79775508769063,0.08315493859414223
1,104.25810749321953,0.08194480610060542
3,82.09167897071018,0.06452243261911776
5,60.37662142349182,0.04745482777806476
9,56.71019271410651,0.04457308748087194
